Kalem,2023,2024,2025,2026
Net asgari ucret,11402,17002,22104,28075
Aclik siniri,14432,21083,30144,37801
Yoksulluk siniri,47009,68675,98188,123130
Medyan esdeger gelir aylik,11353.08,20095.92,,
Medyan bolu ortalama gelir,0.7257,0.7244,,
Medyan ucret vekili,14674.43,21881.65,28447.95,36132.65
Aclik eksi medyan ucret,-242.43,-798.65,1696.05,1668.35
Medyan ucret bolu aclik,1.017,1.038,0.944,0.956
Asgari bolu aclik,0.790,0.806,0.733,0.743
Sahte talep TL kisi ay,2378.86,2268.74,3061.93,
Hissedilen,17053.29,24150.39,31509.88,
Sahte talep bolu acik,,,1.805,
Kapanmayan acik,0,0,0,
Makro kopma payi,0.2804,0.2664,0.2217,
