Kalem,2023,2024,2025,2026,Kaynak
Ortalama brut ucret tum,23789,,,,TUIK kazanc yapisi Kasim 2023
Ozel sektor brut SGK,,37523,47677,,Aralik 2024 ve Agustos 2025
2024 ortalama artis kamu ozel,,0.5818,,,
Kesinti,0.15,0.15,0.15,0.15,SGK 14 + issizlik 1
Gida TUFE,0.7201,0.4358,0.2831,,
Konut TUFE,0.4039,0.6903,0.4945,,
Ulastirma TUFE,0.7714,0.2588,0.2844,,
Gida agirlik,0.2498,0.2498,0.2498,0.2498,
Konut agirlik,0.142,0.142,0.142,0.142,
Ulastirma agirlik,0.1735,0.1735,0.1735,0.1735,
Bireysel net akis milyar,1139,1138,1768,,
Kredi kullanan milyon,39.9,41.8,43.6,,
Aclik siniri Turk-Is,14432,21083,30144,37801,
Ozel sektor brut turetilmis,23721.71,37523,47677,,
Ozel sektor net,20163.45,31894.55,40525.45,,
Ucret artisi,,0.5818,0.2706,,
Sepet artisi gida konut ulastirma,0.6564,0.4454,0.3366,,
FARK ucret eksi sepet,,0.1364,-0.0660,,
Bireysel kredi kisi ay,2378.86,2268.74,3379.20,,
Net arti kredi,22542.32,34163.29,43904.65,,
Kredinin payi,0.1055,0.0664,0.0770,,
Net eksi aclik,5731.45,10811.55,10381.45,,
Net bolu aclik,1.397,1.513,1.344,,
Net arti kredi bolu aclik,1.562,1.620,1.456,,
