Kalem,2022,2023,2024,2025
Toplam kredi stoku,7568,11630,15901,23128
Ticari stok,6038,8962,12094,17302
Tuketici stok,1083,1514,2012,2881
Bireysel kart stoku,447,1155,1795,2694
Bireysel stok,1530,2669,3807,5575
Ticari ihtiyac stoku,,,,3065.7
Net akis toplam,,4062,4271,7227
Net akis ticari,,2924,3132,5208
Net akis bireysel,,1139,1138,1768
Net akis kart,,708,640,899
Bireysel bolu toplam stok,0.202,0.229,0.239,0.241
Ticari bolu toplam stok,0.798,0.771,0.761,0.748
Bireysel akis bolu toplam akis,,0.280,0.266,0.245
